locationHeader,locationLink,locationLink 2,locationLink 3,locationLink 4,locationLink 5,locationLink 6,locationLink href 6,locationLink 7,locationLink href 7,locationLink 8,locationLink href 8,locationLink 9,locationLink href 9,locationLink 10,locationLink href 10,locationLink 11,locationLink href 11,locationLink 12,locationLink href 12,locationLink 13,locationLink href 13,locationLink 14,locationLink href 14,locationLink 15,locationLink href 15,locationLink 16,locationLink href 16,locationLink 17,locationLink href 17,locationLink 18,locationLink href 18,locationLink 19,locationLink href 19,locationLink 20,locationLink href 20,showAllPropertyCta
,,,,,,,,,,,,,,,,,,,,,,,,,,,,,,,,,,,,
Cities to Stay Near Mussoorie,Hotels in Dehradun,Hotels in Rishikesh,Hotels in Haridwar,Hotels in Uttarkashi,Hotels in Kanatal,Hotels in Barkot,https://www.goibibo.com/hotels/hotels-in-barkot-ct/,Hotels in Dhanaulti,https://www.goibibo.com/hotels/hotels-in-dhanaulti-ct/,Hotels in Chakrata,https://www.goibibo.com/hotels/hotels-in-chakrata-ct/,Hotels in Tehri,https://www.goibibo.com/hotels/hotels-in-tehri-ct/,Hotels in Yamunotri,https://www.goibibo.com/hotels/hotels-in-yamunotri-ct/,Hotels in Saharanpur,https://www.goibibo.com/hotels/hotels-in-saharanpur-ct/,Hotels in Roorkee,https://www.goibibo.com/hotels/hotels-in-roorkee-ct/,Hotels in Yamunanagar,https://www.goibibo.com/hotels/hotels-in-yamunanagar-ct/,"Hotels in Srinagar, Uttrakhand",https://www.goibibo.com/hotels/hotels-in-srinagar-uk-ct/,Hotels in Nahan,https://www.goibibo.com/hotels/hotels-in-nahan-ct/,Hotels in Chamba,https://www.goibibo.com/hotels/hotels-in-chamba-uttarakhand-ct/,Hotels in Pauri,https://www.goibibo.com/hotels/hotels-in-pauri-ct/,Hotels in Paonta Sahib,https://www.goibibo.com/hotels/hotels-in-paonta-sahib-ct/,Hotels in Narendranagar,https://www.goibibo.com/hotels/hotels-in-narendranagar-ct/,Hotels in Nag Tibba,https://www.goibibo.com/hotels/hotels-in-nag-tibba-ct/,#NAME?
Popular Locations for Mussoorie Hotels,Mall Road,Kulri Chowk,Kempty,Camel's Back Road,Kempty Fall Road,Landour,https://www.goibibo.com/hotels/hotels-in-mussoorie/landour-ah/,Gandhi/Library Chowk,https://www.goibibo.com/hotels/hotels-in-mussoorie/gandhi-library-chowk-ah/,Ghatudhar,https://www.goibibo.com/hotels/hotels-in-mussoorie/ghatudhar-ah/,Near Landour Clock tower,https://www.goibibo.com/hotels/hotels-in-mussoorie/near-landour-clock-tower-ah/,Jharipani,https://www.goibibo.com/hotels/hotels-in-mussoorie/jharipani-ah/,Khanij Nagar,https://www.goibibo.com/hotels/hotels-in-mussoorie/khanij-nagar-ah/,View All Areas of Mussoorie,https://www.goibibo.com/hotels/mussoorie-area-list/,,,,,,,,,,,,,,,,,#NAME?
Mussoorie Hotels Near Popular Landmarks,Picture Palace,Landour Clock Tower,Lal Tibba,Kempty Falls,Mussoorie Bus Terminal,Gun Hill,https://www.goibibo.com/hotels/hotels-in-mussoorie/near-gun-hill-lh/,Lal Tibba Scenic Point,https://www.goibibo.com/hotels/hotels-in-mussoorie/near-lal-tibba-scenic-point-lh/,Mussoorie Lake,https://www.goibibo.com/hotels/hotels-in-mussoorie/near-mussoorie-lake-lh/,Lake Mist,https://www.goibibo.com/hotels/hotels-in-mussoorie/near-lake-mist-lh/,Cloud End,https://www.goibibo.com/hotels/hotels-in-mussoorie/near-cloud-end-lh/,Bhatta Falls,https://www.goibibo.com/hotels/hotels-in-mussoorie/near-bhatta-falls-lh/,Landour Community Hospital,https://www.goibibo.com/hotels/hotels-in-mussoorie/near-landour-community-hospital-lh/,George Everest House,https://www.goibibo.com/hotels/hotels-in-mussoorie/near-george-everest-house-lh/,New Lal Tibba,https://www.goibibo.com/hotels/hotels-in-mussoorie/near-new-lal-tibba-lh/,Benog Wildlife Sanctuary,https://www.goibibo.com/hotels/hotels-in-mussoorie/near-benog-wildlife-sanctuary-lh/,Abbey Estate,https://www.goibibo.com/hotels/hotels-in-mussoorie/near-abbey-estate-lh/,Cloud's End,https://www.goibibo.com/hotels/hotels-in-mussoorie/near-clouds-end-lh/,,,,,,,#NAME?
Mussoorie Hotels By Category,2 Star Hotels in Mussoorie,3 Star Hotels in Mussoorie,4 Star Hotels in Mussoorie,5 Star Hotels in Mussoorie,Budget Hotels in Mussoorie,Luxury Hotels in Mussoorie,https://www.goibibo.com/hotels/luxury-hotels-in-mussoorie-cg/,View List of Hotels in Mussoorie,https://www.goibibo.com/hotels/mussoorie-hotels-detail-list-h/,,,,,,,,,,,,,,,,,,,,,,,,,,,
Best Collection in Mussoorie Hotels,Couple hotels in Mussoorie,Free Stay For Kids hotels in Mussoorie,Early Bird Deal hotels in Mussoorie,Family hotels in Mussoorie,Weekend Getaway hotels in Mussoorie,Last Minute Deal hotels in Mussoorie,https://www.goibibo.com/hotels/last-minute-deal-hotels-in-mussoorie-hc/,Pet Friendly hotels in Mussoorie,https://www.goibibo.com/hotels/pet-friendly-hotels-in-mussoorie-hc/,Business hotels in Mussoorie,https://www.goibibo.com/hotels/business-hotels-in-mussoorie-hc/,GoStays hotels in Mussoorie,https://www.goibibo.com/hotels/gostays-hotels-in-mussoorie-hc/,Beachfront hotels in Mussoorie,https://www.goibibo.com/hotels/beachfront-hotels-in-mussoorie-hc/,Water Villas hotels in Mussoorie,https://www.goibibo.com/hotels/water-villas-hotels-in-mussoorie-hc/,Pure Vegetarian hotels in Mussoorie,https://www.goibibo.com/hotels/pure-vegetarian-hotels-in-mussoorie-hc/,Indian Food hotels in Mussoorie,https://www.goibibo.com/hotels/indian-food-hotels-in-mussoorie-hc/,Hourly stay in Mussoorie,https://www.goibibo.com/hotels/hourly-stays-in-mussoorie-hs/,,,,,,,,,,,,,#NAME?
Property Types in Mussoorie,Homestays in Mussoorie,Cottages in Mussoorie,Villas in Mussoorie,Resorts in Mussoorie,Apartments in Mussoorie,Hostels in Mussoorie,https://www.goibibo.com/hotels/hostels-in-mussoorie-pt/,Camps in Mussoorie,https://www.goibibo.com/hotels/camps-in-mussoorie-pt/,Guest houses in Mussoorie,https://www.goibibo.com/hotels/guest-houses-in-mussoorie-pt/,,,,,,,,,,,,,,,,,,,,,,,,,
Properties with Room View in Mussoorie,Mountain View hotels in Mussoorie,Valley View hotels in Mussoorie,Garden View hotels in Mussoorie,,,,,,,,,,,,,,,,,,,,,,,,,,,,,,,,,
Mussoorie Hotel Chains,StayVista in Mussoorie,OYO Rooms in Mussoorie,TREEBO 2021 in Mussoorie,LohonoStays in Mussoorie,Zostel in Mussoorie,V are FAMILY in Mussoorie,https://www.goibibo.com/hotels/hotels-in-mussoorie/v-are-family-972-yvrfml-chain/,goStops in Mussoorie,https://www.goibibo.com/hotels/hotels-in-mussoorie/gostops-941-sgostop-chain/,The Hosteller in Mussoorie,https://www.goibibo.com/hotels/hotels-in-mussoorie/the-hosteller-942-rhostelle-chain/,Saffronstays in Mussoorie,https://www.goibibo.com/hotels/hotels-in-mussoorie/saffronstays-945-sffrnstys-chain/,,,,,,,,,,,,,,,,,,,,,,,#NAME?
Hotels By Amenities in Mussoorie,Hotels in Mussoorie with Wifi,Hotels in Mussoorie with Parking,Hotels in Mussoorie with Room Service,Hotels in Mussoorie with Restaurant,Hotels in Mussoorie with Kitchenette,Hotels in Mussoorie with Television,https://www.goibibo.com/hotels/hotels-in-mussoorie-with-television/,Hotels in Mussoorie with Bar,https://www.goibibo.com/hotels/hotels-in-mussoorie-with-bar/,Hotels in Mussoorie with Gym,https://www.goibibo.com/hotels/hotels-in-mussoorie-with-gym/,Hotels in Mussoorie with Swimming Pool,https://www.goibibo.com/hotels/hotels-in-mussoorie-with-swimming-pool/,Hotels in Mussoorie with Spa,https://www.goibibo.com/hotels/hotels-in-mussoorie-with-spa/,Hotels in Mussoorie with EV Charging Station,https://www.goibibo.com/hotels/hotels-in-mussoorie-with-ev-charging-station/,,,,,,,,,,,,,,,,,,,#NAME?
Best Hotels Nearby Mussoorie,Best Hotels in Rishikesh,Best Hotels in Dehradun,Best Hotels in Haridwar,Best Hotels in Nahan,,,,,,,,,,,,,,,,,,,,,,,,,,,,,,,,
Property Types Near Mussoorie,Hostels near Mussoorie,Farm houses near Mussoorie,Resorts near Mussoorie,Villas near Mussoorie,Guest houses near Mussoorie,Palaces near Mussoorie,https://www.goibibo.com/hotels/g-np-palaces-near-mussoorie-hotel.html,Ashrams near Mussoorie,https://www.goibibo.com/hotels/g-np-ashrams-near-mussoorie-hotel.html,Apart-hotels near Mussoorie,https://www.goibibo.com/hotels/g-np-apart-hotels-near-mussoorie-hotel.html,Bungalows near Mussoorie,https://www.goibibo.com/hotels/g-np-bungalows-near-mussoorie-hotel.html,Dharamshalas near Mussoorie,https://www.goibibo.com/hotels/g-np-dharamshalas-near-mussoorie-hotel.html,Apartments near Mussoorie,https://www.goibibo.com/hotels/g-np-apartments-near-mussoorie-hotel.html,Homestays near Mussoorie,https://www.goibibo.com/hotels/g-np-homestays-near-mussoorie-hotel.html,Houseboats near Mussoorie,https://www.goibibo.com/hotels/g-np-houseboats-near-mussoorie-hotel.html,Cottages near Mussoorie,https://www.goibibo.com/hotels/g-np-cottages-near-mussoorie-hotel.html,Bnbs near Mussoorie,https://www.goibibo.com/hotels/g-np-bnbs-near-mussoorie-hotel.html,Tree houses near Mussoorie,https://www.goibibo.com/hotels/g-np-tree-houses-near-mussoorie-hotel.html,Holiday homes near Mussoorie,https://www.goibibo.com/hotels/g-np-holiday-homes-near-mussoorie-hotel.html,Beach huts near Mussoorie,https://www.goibibo.com/hotels/g-np-beach-huts-near-mussoorie-hotel.html,Lodges near Mussoorie,https://www.goibibo.com/hotels/g-np-lodges-near-mussoorie-hotel.html,Camps near Mussoorie,https://www.goibibo.com/hotels/g-np-camps-near-mussoorie-hotel.html,#NAME?
Mussoorie Hotels with Best Reviews,Hotel Omkar,Mussoorie Gateway,Hotel Vishnu Palace,Sun N Snow Mussoorie,HOTEL MUSSOORIE HEIGHTS,"Hotel Hamers International at Mall Road, Mussoorie",https://www.goibibo.com/hotels/hamers-international-at-mall-road-mussoorie-hotel-in-mussoorie-6157145142688909302/,HOTEL SHREE BADRISH RESIDENCY,https://www.goibibo.com/hotels/shree-badrish-residency-hotel-in-mussoorie-6129297790038203766/,Mall Palace,https://www.goibibo.com/hotels/mall-palace-hotel-in-mussoorie-452698057557444211/,Sterling Mussoorie,https://www.goibibo.com/hotels/sterling-mussoorie-hotel-in-mussoorie-2260505102567152107/,Hotel City Castle,https://www.goibibo.com/hotels/city-castle-hotel-in-mussoorie-8524634029837846732/,IV Midtown Mussoorie,https://www.goibibo.com/hotels/iv-midtown-mussoorie-hotel-in-mussoorie-8833208213064261324/,"The Oasis Mussoorie, a member of Radisson Individuals",https://www.goibibo.com/hotels/the-oasis-mussoorie-a-member-of-radisson-individuals-hotel-in-mussoorie-3217659950793657793/,Hotel Shiva Continental,https://www.goibibo.com/hotels/shiva-continental-hotel-in-mussoorie-6315574898637924018/,Valley View Hotel,https://www.goibibo.com/hotels/valley-view-hotel-in-mussoorie-2207292355580717995/,Hotel Himalayan Club,https://www.goibibo.com/hotels/himalayan-club-hotel-in-mussoorie-2910026679274191235/,DLS Hotel Pearl,https://www.goibibo.com/hotels/dls-pearl-hotel-in-mussoorie-434211258246755623/,Honeymoon Inn,https://www.goibibo.com/hotels/honeymoon-inn-hotel-in-mussoorie-2890913987951741565/,Rock Stone,https://www.goibibo.com/hotels/rock-stone-hotel-in-mussoorie-8038299284709287193/,Treebo Premium Queens Of Hills Near Mall Road Area,https://www.goibibo.com/hotels/treebo-premium-queens-of-hills-near-mall-road-area-hotel-in-mussoorie-6814029170679005166/,goSTOPS Mussoorie Picture Palace,https://www.goibibo.com/hotels/gostops-mussoorie-picture-palace-hotel-in-mussoorie-6713762256013425931/,#NAME?
3 Star Properties in Mussoorie,AB's Abode-A Boutique Hotel,Treetop Glamps - Mussoorie,Heart of Landour (Panchtatva Rooms),Ilbert Manor: 183 Years Old Heritage Retreat,AVANTIKA RESIDENCY & RESTAURANT,UFO Mussoorie,https://www.goibibo.com/hotels/ufo-mussoorie-hotel-in-mussoorie-2394267591180883178/,The Nathuli Manor | Pure Veg Stay | Near Mall Road with Free Parking & Shuttle,https://www.goibibo.com/hotels/the-nathuli-manor-pure-veg-stay-near-mall-road-with-free-parking-shuttle-hotel-in-mussoorie-1977349727697698615/,Valley Retreat,https://www.goibibo.com/hotels/valley-retreat-hotel-in-dehradun-6339456479886418196/,Hotel Park Royale Inn,https://www.goibibo.com/hotels/park-royale-inn-hotel-in-mussoorie-277202483891168416/,9 Bows - Landour,https://www.goibibo.com/hotels/9-bows-landour-hotel-in-mussoorie-770371079377207039/,Domas Inn,https://www.goibibo.com/hotels/domas-inn-hotel-in-mussoorie-4363170176038045265/,Hotel Forest Avenue | Best Luxury Hotel in Dehradun,https://www.goibibo.com/hotels/forest-avenue-best-luxury-in-dehradun-hotel-in-dehradun-5607630725244538699/,Hakmans Hotel | A Heritage property on Mall Road | Free Onsite Car Parking,https://www.goibibo.com/hotels/hakmans-a-heritage-property-on-mall-road-free-onsite-car-parking-hotel-in-mussoorie-6955547126148900500/,Padmini Niwas,https://www.goibibo.com/hotels/padmini-niwas-hotel-in-mussoorie-311981157687414393/,Hotel Dwaper,https://www.goibibo.com/hotels/dwaper-hotel-in-mussoorie-7195618525942055605/,"Leisure Cave, Mussoorie",https://www.goibibo.com/hotels/leisure-cave-mussoorie-hotel-in-mussoorie-8807686334791217448/,Treebo Premium Queens Of Hills Near Mall Road Area,https://www.goibibo.com/hotels/treebo-premium-queens-of-hills-near-mall-road-area-hotel-in-mussoorie-6814029170679005166/,Hotel JSR Inn,https://www.goibibo.com/hotels/jsr-inn-hotel-in-dehradun-7451711834377137476/,Honeymoon Inn,https://www.goibibo.com/hotels/honeymoon-inn-hotel-in-mussoorie-2890913987951741565/,"The Golden Feather at Mall Road (On-site Parking), Mussoorie",https://www.goibibo.com/hotels/the-golden-feather-at-mall-road-on-site-parking-mussoorie-hotel-in-mussoorie-3273815969292804199/,#NAME?
Most Booked Hotels in Mussoorie,"Hotel Hamers International at Mall Road, Mussoorie",Perfectstayz Premium The Pride near Mall Road,Mussoorie Gateway,"Hotel Woods View (2 mins walk to Mall Road, Mussoorie)",goSTOPS Mussoorie Picture Palace,Perfectstayz Premium Mall Road,https://www.goibibo.com/hotels/perfectstayz-premium-mall-road-hotel-in-mussoorie-3034363671677648997/,"The Hosteller Mussoorie, Mall Road",https://www.goibibo.com/hotels/the-hosteller-mussoorie-mall-road-hotel-in-mussoorie-1647150888804346831/,HOTEL MUSSOORIE HEIGHTS,https://www.goibibo.com/hotels/mussoorie-heights-hotel-in-mussoorie-7159899353568119047/,Country Inn Premier Pacific Mall Road Mussoorie,https://www.goibibo.com/hotels/country-inn-premier-pacific-mall-road-mussoorie-hotel-in-mussoorie-9190310493212024112/,Perfectstayz Premium Westend @ Mall Road,https://www.goibibo.com/hotels/perfectstayz-premium-westend-mall-road-hotel-in-mussoorie-8127432795342189298/,Shalom Backpackers Mussorie,https://www.goibibo.com/hotels/shalom-backpackers-mussorie-hotel-in-mussoorie-7271311191829855655/,Hotel Samrat | On Mall Road with Complimentary Parking,https://www.goibibo.com/hotels/samrat-on-mall-road-with-complimentary-parking-hotel-in-mussoorie-3582147683852061702/,Perfectstayz Value Valley Vista 5 mins walk to Mall Road,https://www.goibibo.com/hotels/perfectstayz-value-valley-vista-5-mins-walk-to-mall-road-hotel-in-mussoorie-5079817414899366211/,Hotel Dev Palace,https://www.goibibo.com/hotels/dev-palace-hotel-in-mussoorie-105539826769922341/,"goSTOPS Mussoorie, Clock Tower",https://www.goibibo.com/hotels/gostops-mussoorie-clock-tower-hotel-in-mussoorie-4948729329902609138/,Sandoz Palm Retreat Hotel,https://www.goibibo.com/hotels/sandoz-palm-retreat-hotel-in-mussoorie-6248232013574081328/,Zostel Mussoorie (Mall Road),https://www.goibibo.com/hotels/zostel-mussoorie-mall-road-hotel-in-mussoorie-555452276222851552/,"Mosaic Original, Mussoorie",https://www.goibibo.com/hotels/mosaic-original-mussoorie-hotel-in-mussoorie-7800521221430498648/,Hotel Vishnu Palace,https://www.goibibo.com/hotels/vishnu-palace-hotel-in-mussoorie-366100636334323882/,The Social Stays Mussoorie,https://www.goibibo.com/hotels/the-social-stays-mussoorie-hotel-in-mussoorie-4020067808990155974/,#NAME?
4 Star Properties in Mussoorie,The Terraces,Hotel Queen Plaza 2 mins walk to Mall Road,Eagles Nest Cottage 1880,"The Oasis Mussoorie, a member of Radisson Individuals",Lemon Tree Hotel Dehradun,Pleasant Tree Hotels,https://www.goibibo.com/hotels/pleasant-tree-hotels-hotel-in-dehradun-7703559465842655319/,"Romeo Lane, Mussoorie - by Alivaa",https://www.goibibo.com/hotels/romeo-lane-mussoorie-by-alivaa-hotel-in-mussoorie-4173010542530335276/,"The Fern Brentwood Resort Mussoorie, Series by Marriott",https://www.goibibo.com/hotels/the-fern-brentwood-resort-mussoorie-series-by-marriott-hotel-in-mussoorie-8865113983817160688/,Pine Retreat,https://www.goibibo.com/hotels/pine-retreat-hotel-in-mussoorie-3813810350471319852/,"Madhuban Sarovar Portico, Mussoorie",https://www.goibibo.com/hotels/madhuban-sarovar-portico-mussoorie-hotel-in-mussoorie-5855807873018904639/,Ataraxia Crestmont Resorts & Spa,https://www.goibibo.com/hotels/ataraxia-crestmont-resorts-spa-hotel-in-dehradun-2403786428066906164/,"Lemon Tree Resort, Mussoorie",https://www.goibibo.com/hotels/lemon-tree-resort-mussoorie-hotel-in-mussoorie-6679709804519185925/,THE AMBER VERMONT ESTATE,https://www.goibibo.com/hotels/the-amber-vermont-estate-hotel-in-mussoorie-1130276550218080646/,Shivalik Hills Mussoorie,https://www.goibibo.com/hotels/shivalik-hills-mussoorie-hotel-in-mussoorie-8031713393741590709/,Vaydantaa - Luxury Boutique Resort,https://www.goibibo.com/hotels/vaydantaa-luxury-boutique-resort-hotel-in-mussoorie-4104475861256438355/,Hotel Malsi Mist,https://www.goibibo.com/hotels/malsi-mist-hotel-in-dehradun-3813389584494424274/,Light of Landour,https://www.goibibo.com/hotels/light-of-landour-hotel-in-mussoorie-2684059117197101653/,Sunoraa Luxury Hotel And Spa,https://www.goibibo.com/hotels/sunoraa-luxury-and-spa-hotel-in-mussoorie-5365396913000074245/,Starz Clarks Inn,https://www.goibibo.com/hotels/starz-clarks-inn-hotel-in-mussoorie-4621232734823434120/,Raghu Vilas,https://www.goibibo.com/hotels/raghu-vilas-hotel-in-mussoorie-2063237704421143753/,#NAME?
Most Searched Properties in Mussoorie,Jaypee Residency Manor,"Mosaic Original, Mussoorie","Fortune Resort Grace, Mussoorie  - Member ITC Hotels' Group",Sterling Mussoorie,Rokeby Manor,Honeymoon Inn,https://www.goibibo.com/hotels/honeymoon-inn-hotel-in-mussoorie-2890913987951741565/,"The Fern Brentwood Resort Mussoorie, Series by Marriott",https://www.goibibo.com/hotels/the-fern-brentwood-resort-mussoorie-series-by-marriott-hotel-in-mussoorie-8865113983817160688/,Mussoorie Gateway,https://www.goibibo.com/hotels/mussoorie-gateway-hotel-in-mussoorie-720244529605891778/,Hotel Vishnu Palace,https://www.goibibo.com/hotels/vishnu-palace-hotel-in-mussoorie-366100636334323882/,Comfort Inn Silver Arch Hotel Mussoorie,https://www.goibibo.com/hotels/comfort-inn-silver-arch-mussoorie-hotel-in-mussoorie-5564060881383702424/,EllBee Mussoorie Hills,https://www.goibibo.com/hotels/ellbee-mussoorie-hills-hotel-in-mussoorie-536009649650232552/,Zostel Plus Mussoorie (Kempty),https://www.goibibo.com/hotels/zostel-plus-mussoorie-kempty-hotel-in-mussoorie-2536321235257282427/,"The Hosteller Mussoorie, Mall Road",https://www.goibibo.com/hotels/the-hosteller-mussoorie-mall-road-hotel-in-mussoorie-1647150888804346831/,Jharipani Castle | Majestic Heritage Stay,https://www.goibibo.com/hotels/jharipani-castle-majestic-heritage-stay-hotel-in-mussoorie-3117152810802936102/,"Lemon Tree Resort, Mussoorie",https://www.goibibo.com/hotels/lemon-tree-resort-mussoorie-hotel-in-mussoorie-6679709804519185925/,Zostel Mussoorie (Mall Road),https://www.goibibo.com/hotels/zostel-mussoorie-mall-road-hotel-in-mussoorie-555452276222851552/,"Everest Base Camp, Near George Everest House (Luxe Cottages)",https://www.goibibo.com/hotels/everest-base-camp-near-george-everest-house-luxe-cottages-hotel-in-mussoorie-4723387211106439049/,Mall Palace,https://www.goibibo.com/hotels/mall-palace-hotel-in-mussoorie-452698057557444211/,Country Inn Premier Pacific Mall Road Mussoorie,https://www.goibibo.com/hotels/country-inn-premier-pacific-mall-road-mussoorie-hotel-in-mussoorie-9190310493212024112/,"Madhuban Sarovar Portico, Mussoorie",https://www.goibibo.com/hotels/madhuban-sarovar-portico-mussoorie-hotel-in-mussoorie-5855807873018904639/,#NAME?
Super Premium Properties in Mussoorie,Rokeby Manor,Jaypee Residency Manor,,,,,,,,,,,,,,,,,,,,,,,,,,,,,,,,,,
Buses from Mussoorie,Mussoorie to Delhi Bus,Mussoorie to Rishikesh Bus,Mussoorie to Gurgaon Bus,Mussoorie to Dehradun Bus,Mussoorie to Jaipur Bus,,,,,,,,,,,,,,,,,,,,,,,,,,,,,,,
Buses to Mussoorie,Delhi to Mussoorie Bus,Rishikesh to Mussoorie Bus,Gurgaon to Mussoorie Bus,Jaipur to Mussoorie Bus,Dehradun to Mussoorie Bus,,,,,,,,,,,,,,,,,,,,,,,,,,,,,,,
Cabs from Mussoorie,Mussoorie To Mcleodganj Cabs,Mussoorie To Simla Cabs,Mussoorie To Paontasahib Cabs,Mussoorie To Mallital Cabs,Mussoorie To Indri Cabs,,,,,,,,,,,,,,,,,,,,,,,,,,,,,,,
Cabs to Mussoorie,Kapurthala To Mussoorie Cabs,Naraingarh To Mussoorie Cabs,Budaun To Mussoorie Cabs,Gautam-buddha-nagar To Mussoorie Cabs,Agra To Mussoorie Cabs,,,,,,,,,,,,,,,,,,,,,,,,,,,,,,,
Trains from Mussoorie,Mussoorie to Ahmedabad Trains,Mussoorie to Delhi Trains,Mussoorie to Lucknow Trains,Mussoorie to Haldwani Trains,Mussoorie to Mumbai Trains,,,,,,,,,,,,,,,,,,,,,,,,,,,,,,,
Trains to Mussoorie,Delhi to Mussoorie Trains,Ahmedabad to Mussoorie Trains,Lucknow to Mussoorie Trains,Mumbai to Mussoorie Trains,Surat to Mussoorie Trains,,,,,,,,,,,,,,,,,,,,,,,,,,,,,,,
